{
    "negative": {
        "precision": 0.8311817279046674,
        "recall": 0.9122615803814714,
        "f1-score": 0.8698363211223694,
        "support": 1835.0
    },
    "neutral": {
        "precision": 0.8730525100980958,
        "recall": 0.8240740740740741,
        "f1-score": 0.8478565424488652,
        "support": 1836.0
    },
    "positive": {
        "precision": 0.9363636363636364,
        "recall": 0.8976034858387799,
        "f1-score": 0.9165739710789766,
        "support": 1836.0
    },
    "accuracy": 0.8779734882876339,
    "macro avg": {
        "precision": 0.8801992914554666,
        "recall": 0.8779797134314418,
        "f1-score": 0.8780889448834038,
        "support": 5507.0
    },
    "weighted avg": {
        "precision": 0.8802081924112594,
        "recall": 0.8779734882876339,
        "f1-score": 0.8780904434531807,
        "support": 5507.0
    }
}